customer_id,age,income,credit_score,account_balance,num_transactions,customer_tenure_months,region,account_type,is_active
1,56,77447.55593094493,541.0,11844.744470146132,18,76,North,Premium,True
2,69,36444.278140132315,531.0,894.9217998567462,17,54,East,Gold,True
3,46,73070.63744015737,583.0,5147.56192174932,13,6,North,Gold,True
4,32,42499.78743260372,499.0,8299.978107170076,21,107,South,Basic,True
5,60,36117.08092985012,378.0,14724.744256358115,25,40,West,Premium,False
6,25,52197.20146086498,472.0,2057.4672682550954,20,108,North,Basic,True
7,78,56849.13836015029,766.0,6454.578553281447,14,93,North,Premium,True
8,38,88230.59213018857,715.0,3869.7584896132585,22,94,East,Basic,True
9,56,56390.75157737429,748.0,312.72348964487037,18,2,South,Premium,True
10,75,53865.56123698772,386.0,5855.910670563994,9,73,North,Premium,True
11,36,,400.0,5857.472541044714,20,111,South,Gold,False
12,40,,307.0,13339.832344103022,19,2,South,Basic,True
13,28,37114.49639664104,499.0,3438.9323361569477,29,93,East,Gold,True
14,28,77119.40770616384,804.0,1308.453441472666,16,97,North,Gold,True
15,41,35207.62461141295,386.0,227.936566987044,13,74,East,Premium,True
16,70,37015.05443332581,342.0,2686.208948716412,18,98,West,Basic,False
17,53,33029.58601224173,684.0,1797.0842123857049,21,108,,Premium,True
18,57,31275.099434440875,734.0,7158.306382985476,23,55,North,Premium,True
19,41,56663.46589679649,707.0,2186.851788924935,26,72,South,Premium,True
20,20,44841.95670912913,782.0,14886.633138778257,23,101,North,Basic,True
21,39,-19563.384272731128,316.0,16391.829287187644,16,118,North,Basic,True
22,70,44634.73876100974,447.0,4849.8895810994845,24,60,West,Premium,True
23,19,39641.75488388732,576.0,13201.510611283049,24,97,West,Basic,False
24,41,67856.5072859771,531.0,7153.41237752102,14,111,South,Premium,True
25,61,38734.82777079274,665.0,3957.766790843075,21,6,South,Basic,True
26,47,100785.15582421786,527.0,994.1327012832567,23,108,North,Basic,True
27,55,77935.87157540486,735.0,3067.9655167465276,15,104,East,Gold,True
28,19,42201.79217980444,698.0,4114.849731681219,21,109,North,Premium,False
29,77,72992.46157666165,510.0,9974.089692723284,25,19,South,Gold,True
30,38,60504.234253818955,690.0,3282.4697310344854,27,96,East,Gold,True
31,50,54669.315929604854,798.0,11397.990288807756,15,27,West,Premium,False
32,29,66053.0451121486,839.0,5609.644793993918,21,1,South,Premium,True
33,75,51081.41748520973,790.0,736.6975110704864,24,107,South,Basic,True
34,39,54807.02312154955,741.0,26472.990782054858,16,116,East,Premium,True
35,78,66467.0503255793,560.0,3745.7594735254575,22,33,South,Gold,True
36,61,91049.0548349098,649.0,2486.7367952738923,19,40,South,Gold,True
37,42,55023.89944439348,651.0,5381.032387537203,29,32,South,Premium,True
38,66,40924.06670055688,819.0,576.4556064212978,16,69,South,Gold,True
39,44,9415.382898120231,619.0,5060.411530509546,22,17,South,Basic,False
40,76,89226.06943927275,437.0,3448.126951740922,28,8,South,Gold,True
41,59,44735.1657485608,849.0,2610.057009838314,16,57,South,Basic,True
42,45,60696.18580162534,667.0,15290.168752790902,20,42,South,Gold,True
43,77,88118.14473853988,519.0,3696.3714946145333,22,98,West,Basic,False
44,33,54552.04641860983,636.0,1236.6528115673423,10,9,South,Basic,True
45,32,46106.594762450404,522.0,3071.3424832098817,19,87,West,Premium,True
46,79,78393.45955087489,659.0,12590.501854340264,32,35,West,Basic,True
47,79,59214.74135127838,628.0,968.5030952530839,23,114,North,Premium,True
48,64,61722.11209446801,762.0,1203.7191494458689,20,71,North,Gold,False
49,79,19536.782590564784,681.0,65.57598599037061,16,79,West,Gold,True
50,68,74118.3041448517,468.0,71.45845411824244,21,53,West,Gold,True
51,61,567444.2137126758,516.0,8841.922825835572,27,54,South,Basic,True
52,72,22568.21240553752,677.0,6586.129456854641,16,84,North,Gold,True
53,69,59701.8822322655,418.0,2192.843088131089,23,114,East,Gold,False
54,74,8749.486521765008,489.0,5991.795573496972,17,25,North,Premium,True
55,20,96839.50405025991,669.0,2514.3362647888125,25,67,West,Premium,True
56,54,27962.904000364786,448.0,15277.07127374782,19,62,West,Gold,True
57,68,82235.85531436872,787.0,17064.226999901966,17,55,South,Gold,True
58,24,33740.889037626934,,2494.4340115494024,13,46,South,Basic,True
59,38,61204.51421941439,459.0,9628.348599738121,19,24,North,Basic,True
60,26,31757.434867810025,650.0,7415.987963131932,27,98,South,Gold,True
61,56,69942.3044379564,,1855.3179516772916,16,46,East,Premium,True
62,35,45293.62516185496,587.0,1320.0870386379236,24,22,East,Gold,True
63,21,59355.590924154196,525.0,3064.611527948628,19,11,South,Basic,True
64,42,50301.28763157989,822.0,7601.388493324247,21,48,East,Premium,True
65,77,22686.704270326885,821.0,16115.39632588339,27,8,East,Premium,False
66,31,60082.13719381069,572.0,7210.707280980907,26,39,North,Basic,True
67,67,39935.25028668504,701.0,9662.250196356019,25,107,East,Gold,True
68,75,70906.25586015222,482.0,384641.9758366959,23,35,West,Gold,True
69,26,45282.80383698646,787.0,9021.42283426716,16,49,,Gold,True
70,43,48464.72181943336,423.0,7672.135943067317,19,46,North,Basic,False
71,70,83658.52928745873,713.0,2365.9277664151778,18,38,South,Premium,False
72,19,97632.735890159,471.0,4014.7019987474205,19,8,North,Basic,True
73,37,65720.67911424165,587.0,8167.452400470606,19,54,South,Gold,True
74,45,44257.198051532294,734.0,235.7553955152104,17,37,South,Basic,False
75,64,42506.77343287712,412.0,8253.364605847999,19,91,South,Premium,True
76,77,33626.4602936284,421.0,979.3939552843498,27,92,South,Basic,True
77,24,,843.0,3614.771324455506,14,40,South,Gold,True
78,61,44527.80512992063,521.0,8258.477589857048,19,34,North,Premium,False
79,78,89285.059339898,338.0,1463.9493296138412,23,96,South,Basic,False
80,25,46055.566582929525,796.0,1410.5377902195482,18,79,East,Basic,True
81,64,25478.939916037947,532.0,2577.218004992964,10,108,East,Premium,True
82,52,50833.30534250766,829.0,11251.993872294053,18,17,South,Premium,False
83,31,53562.56851522129,448.0,2.2143974692731456,16,33,East,Gold,True
84,34,50712.70919700912,696.0,11582.562992074205,30,47,West,Premium,True
85,53,65993.82445170415,601.0,835.0392106349806,17,110,North,Gold,True
86,67,51380.11022718067,659.0,23069.22656537496,17,52,North,Basic,True
87,57,65374.54984294658,537.0,384641.9758366959,28,118,South,Gold,True
88,21,34393.1329188457,535.0,3412.769337679864,19,80,South,Basic,True
89,19,85614.58876290446,502.0,3594.584405085694,17,93,West,Premium,False
90,79,55049.5957668717,555.0,3284.552077426852,23,9,South,Basic,True
91,23,58004.379408140754,534.0,5045.370661198921,21,33,East,Premium,True
92,71,34309.76212373395,644.0,475.520367520559,11,60,West,Basic,True
93,59,59436.53982532792,833.0,165.80885970220208,21,113,East,Basic,True
94,21,63021.30113340608,765.0,297.17345753146463,14,93,North,Basic,True
95,71,26604.6313234982,840.0,2938.2215183534295,15,77,East,Basic,True
96,46,16818.16823224687,512.0,1611.6984405279188,19,21,North,Gold,False
97,35,55873.32047218931,762.0,4864.828755985812,16,58,East,Basic,True
98,43,40224.60353088935,735.0,24425.934810019357,17,85,North,Gold,True
99,61,55198.42938271459,582.0,2441.434149581022,13,69,South,Premium,True
100,51,24179.2785820377,762.0,4264.71679589877,17,10,East,Premium,False
101,27,18789.881712346585,706.0,2685.881328179585,18,6,North,Gold,True
102,79,54133.78926002154,387.0,9395.472709359114,23,115,East,Premium,True
103,53,43004.32478086295,343.0,11626.01497387005,23,13,West,Premium,True
104,31,7786.009576996432,760.0,10492.331336074916,16,65,South,Basic,False
105,48,76861.97636215459,577.0,18320.395442354467,17,20,North,Basic,True
106,65,23846.858636324854,720.0,139.52465667470497,21,57,West,Basic,True
107,32,101466.49904220864,652.0,9157.165683688938,18,111,East,Gold,True
108,25,37519.66542222843,814.0,6967.041487119544,14,46,West,Gold,True
109,31,58031.21136251997,318.0,1298.3531389340205,25,8,East,Premium,True
110,40,567444.2137126758,322.0,15654.3354277031,18,10,South,Basic,True
111,77,79588.6785565765,712.0,801.8880495636255,18,73,West,Gold,True
112,74,89722.72812453765,329.0,5690.143968225767,17,113,South,Gold,True
113,79,,407.0,1273.7530196980556,13,105,North,Basic,True
114,57,27282.690049855057,666.0,2822.7202361754526,14,67,East,Gold,True
115,38,54519.9454818806,580.0,6349.84899939454,13,11,East,Basic,False
116,33,66794.94875795428,427.0,4142.826239560059,22,12,South,Premium,False
117,62,49775.45113240724,528.0,2788.728711926273,12,10,South,Premium,True
118,35,17240.119285732224,410.0,1975.1370861015646,19,25,North,Premium,True
119,64,59931.56317929598,435.0,9152.282855562487,14,49,West,Basic,True
120,70,46114.97223531931,661.0,776.3402294110821,18,49,East,Gold,False
121,41,45875.22082088267,,2811.4970979147215,20,89,East,Premium,True
122,43,4440.991643788853,428.0,11704.424883512005,19,11,North,Premium,True
123,42,65949.68408956629,560.0,9349.131042018074,22,62,North,Premium,True
124,77,52904.08120570916,814.0,2561.9823050339637,20,118,South,Gold,False
125,77,,748.0,7200.762363969796,17,36,South,Gold,True
126,77,48509.84706937655,403.0,8662.57303775931,13,39,West,Basic,True
127,62,61326.802610380444,782.0,10986.056967278973,20,53,North,Premium,True
128,58,66636.36352210525,523.0,3931.8611383673897,20,90,West,Gold,True
129,46,15076.768826776177,790.0,1143.6763170288766,15,78,North,Basic,True
130,32,102333.99893203186,772.0,1473.9300723727035,21,103,East,Premium,True
131,62,41384.152241547665,309.0,1752.7165760001046,11,56,North,Gold,True
132,18,59891.332042849695,,4504.578686072311,14,104,North,Gold,False
133,42,62811.64013898303,601.0,166.79965118119512,24,1,East,Basic,True
134,24,33704.31744019405,530.0,5053.590453122996,14,56,North,Premium,True
135,26,86939.60662895205,365.0,2265.5692473649583,19,118,West,Premium,True
136,41,55319.105387088646,411.0,1749.5025862827304,18,4,South,Gold,True
137,18,,312.0,10580.385338843102,22,30,South,Premium,False
138,61,52770.15924776885,692.0,3080.9528784719796,22,12,West,Basic,True
139,25,65285.043972180465,799.0,499.3947542417449,14,35,East,Gold,True
140,41,50215.963296194,533.0,8765.004930574845,15,77,North,Gold,False
141,28,67638.59820766479,613.0,244.06742374843276,19,52,West,Basic,False
142,68,16302.557220645213,311.0,6486.826563274254,20,31,South,Gold,False
143,34,35040.600203470196,508.0,7434.027089297597,22,102,South,Premium,True
144,25,7223.993703813692,313.0,2173.974813601517,20,107,West,Premium,True
145,52,89940.16313685892,717.0,8708.78894699481,24,87,,Gold,True
146,52,89679.84255369869,736.0,3624.8345642147974,24,68,West,Basic,True
147,50,62532.321350659695,676.0,3111.520872020088,15,52,South,Basic,True
148,76,29747.63858173937,319.0,232.33155974462616,18,80,West,Premium,True
149,22,97797.56544436648,369.0,1712.6571380374844,25,7,North,Basic,True
150,59,,510.0,13368.966452054354,15,22,North,Gold,True
151,56,45735.85746189672,400.0,2486.4545242484014,21,93,North,Gold,True
152,75,53190.66811461445,431.0,3956.0113470371043,25,75,North,Premium,True
153,58,59030.31884037939,680.0,3796.6665337666923,21,56,South,Premium,True
154,45,62876.052034086366,431.0,4463.25055512522,24,97,East,Premium,False
155,24,63679.23274948902,319.0,316.4615866252086,28,58,West,Basic,True
156,26,47109.51829292191,835.0,2248.4664762229067,14,93,East,Gold,True
157,25,63362.019035134246,526.0,6421.00481329581,14,64,South,Gold,False
158,29,46215.846810086456,453.0,1119.2205524486194,19,103,South,Gold,True
159,51,61586.06873744441,768.0,1138.1327845875671,22,12,East,Premium,False
160,50,59945.8355566155,704.0,50.70930974996306,17,7,East,Gold,True
161,65,65256.94581596242,501.0,2876.660074727203,21,55,,Basic,True
162,72,62759.33398041931,337.0,10716.568333275975,13,103,South,Basic,True
163,40,41151.352501774054,487.0,266.4814614949919,27,106,West,Gold,True
164,79,59174.203431180256,356.0,1060.5155438972029,25,62,North,Premium,False
165,41,63067.994758297726,319.0,1855.9310411713266,16,112,North,Gold,True
166,54,24177.51222102588,572.0,6578.708616038416,20,90,West,Basic,True
167,52,44519.11285537941,418.0,5117.091717447627,13,104,East,Basic,True
168,61,62162.27782436667,,2688.791234842936,26,73,South,Basic,True
169,57,84185.84989459244,520.0,7116.222207135143,17,105,East,Gold,True
170,39,66498.00372257468,825.0,4703.3143159747315,17,98,North,Basic,True
171,44,85447.55973955191,814.0,11318.783806043013,26,109,North,Premium,True
172,52,42032.53219646103,635.0,8519.47787998248,23,77,East,Gold,True
173,18,,354.0,1457.2030083372645,23,55,North,Gold,True
174,52,66114.70599052237,799.0,1583.4167171353567,14,119,South,Basic,True
175,54,3472.9657300044637,835.0,669.6943827020077,16,36,West,Basic,True
176,64,80216.06436229052,461.0,2054.635430827455,13,89,East,Premium,False
177,31,12781.802382907073,458.0,38464.19758366959,22,24,South,Gold,True
178,20,69938.80136556807,487.0,2602.2856964076122,17,44,South,Basic,True
179,18,63736.635810852924,359.0,1245.4387688096103,24,17,North,Premium,True
180,22,3208.139949702272,,7187.577963689662,16,2,South,Basic,True
181,43,4218.7748613400545,510.0,3909.5750793275975,20,13,East,Gold,True
182,72,78649.63834905012,705.0,810.2507823977464,17,31,South,Basic,True
183,31,74294.44119373096,408.0,2395.744045379787,24,93,West,Gold,True
184,56,32382.727110234784,375.0,2676.1868659091397,20,114,South,Basic,True
185,44,32362.422099118714,841.0,7008.6585422604785,10,28,South,Gold,True
186,26,60252.099447524415,613.0,104.44006191632722,28,60,West,Premium,True
187,32,49745.11699023264,416.0,1566.8434809930843,17,27,South,Gold,True
188,32,71087.90431698228,318.0,3644.8698317108706,21,15,South,Premium,True
189,43,59591.618488661734,731.0,1565.6609327977483,21,95,North,Gold,False
190,59,81660.6158791307,649.0,4950.144500401609,27,104,East,Premium,True
191,77,69401.55555827453,482.0,3287.621189628859,23,79,North,Basic,True
192,30,64415.46098281155,412.0,2244.814763711533,18,33,East,Gold,True
193,68,42957.50559392652,482.0,14900.143795522357,20,20,West,Basic,False
194,49,41493.575316763105,780.0,5000.5292823493555,25,42,West,Premium,True
195,56,48964.82030589398,445.0,695.9734070311077,28,12,West,Gold,True
196,66,86818.86139874416,412.0,4105.944885346279,17,101,East,Gold,True
197,69,41874.505412204315,775.0,7587.299417710641,21,73,East,Basic,True
198,78,55210.579741480324,602.0,6163.399653691298,17,23,East,Gold,True
199,49,5103.941845853813,417.0,944.2494762663651,18,72,West,Gold,True
200,21,63516.17460088161,460.0,17953.321859064486,19,96,East,Basic,False
201,47,,700.0,2978.411580117349,15,112,South,Gold,True
202,54,31327.237814741504,497.0,865.9667520730634,20,14,North,Basic,True
203,40,113488.84274253517,559.0,993.448458848002,14,91,West,Basic,False
204,56,53644.81209313307,346.0,517.0065817643674,26,25,North,Basic,True
205,62,-1458.6248276868864,698.0,8135.925034022526,43,77,South,Basic,False
206,32,42289.23520064178,377.0,650.7170876201749,21,119,East,Basic,True
207,60,76608.77126538166,423.0,668.3727694537353,19,85,North,Premium,True
208,46,89986.34412499607,374.0,9501.345181767627,19,109,South,Premium,True
209,53,64361.97096503367,436.0,2112.5788736442305,23,31,South,Basic,True
210,30,81351.88841757935,699.0,156.72018130629934,15,101,North,Premium,True
211,49,26444.289170152933,804.0,266.4516963978728,17,112,West,Premium,False
212,24,36394.76825612184,799.0,766.7492753045216,17,107,North,Gold,False
213,76,16410.81435996419,437.0,1200.1348117020557,22,54,West,Basic,True
214,68,37898.738480161934,349.0,5470.306215596158,22,5,East,Premium,True
215,39,65238.37972871333,553.0,855.8772108376705,16,13,West,Gold,True
216,45,54253.11524766038,725.0,632.7754396371521,18,28,East,Gold,False
217,19,,846.0,7234.8766789915235,14,43,North,Basic,True
218,59,31269.719650065268,601.0,5559.327891923878,17,89,East,Basic,True
219,62,32489.499463762666,648.0,2857.5177791518613,22,115,South,Gold,True
220,79,54092.204190498254,348.0,3984.8751509765034,14,99,East,Basic,True
221,74,37947.04389389369,373.0,1869.7160752438922,26,47,West,Basic,False
222,70,76036.9833632019,560.0,3293.7328294597432,26,103,West,Gold,True
223,23,37451.62231245046,655.0,3532.9116364099345,21,71,West,Gold,True
224,45,40092.21514137506,559.0,2448.887417592576,17,38,East,Basic,True
225,45,58376.788277369735,594.0,11852.832238620325,20,96,West,Premium,True
226,61,42214.236165450144,612.0,80.96127410999571,17,67,West,Basic,True
227,61,25301.11212925173,481.0,7620.230677285029,27,62,South,Premium,True
228,37,28012.883503358225,663.0,664.1315276632889,17,109,East,Gold,True
229,47,60755.31916813911,487.0,7986.24649492797,22,39,South,Premium,True
230,79,22825.769708758795,842.0,4784.416832204384,19,37,West,Gold,True
231,28,77943.28855097623,847.0,9266.411620272833,24,119,West,Basic,True
232,75,36192.014313965,707.0,513.0123109369799,22,114,West,Basic,True
233,72,62324.31633936122,713.0,4093.332454467554,26,86,East,Gold,True
234,45,37391.74751940732,641.0,3476.626557450918,16,8,North,Gold,True
235,42,31695.172400072697,519.0,6124.164062638711,18,81,West,Gold,True
236,56,54922.07364580364,462.0,3820.9667061620266,14,52,West,Basic,True
237,79,71035.66934031801,519.0,3890.6347547546548,19,91,West,Basic,True
238,50,45052.64498279791,569.0,2807.0514918233707,15,33,West,Premium,False
239,18,48690.4529248508,699.0,1846.8793299193771,16,110,East,Gold,True
240,74,66148.34722165602,481.0,3291.452584516,20,81,North,Premium,True
241,44,66810.54500503113,504.0,630.6080436990482,19,42,North,Basic,True
242,79,49230.16559960518,527.0,16287.2178240755,26,76,North,Premium,True
243,74,41130.40215029422,549.0,6266.003684975554,19,112,West,Premium,False
244,69,51653.11918890064,740.0,15231.667636005628,20,110,West,Basic,True
245,30,46181.77017223314,832.0,1285.6180885283195,24,27,North,Basic,False
246,58,56259.483036337035,495.0,10573.93530487002,25,112,North,Gold,False
247,20,26114.591463084947,818.0,8271.914488734315,18,8,West,Premium,False
248,56,55543.63158717493,369.0,5652.874661584655,23,23,West,Basic,False
249,23,35633.93167658502,698.0,4904.535428005761,21,106,South,Basic,False
250,25,68117.75222981005,502.0,1903.006443076582,26,113,South,Premium,True
251,44,36550.64301258969,447.0,8475.272720803527,15,64,South,Basic,True
252,26,,771.0,3480.9135303437024,21,93,North,Gold,True
253,79,58907.97648823481,498.0,367.6491821004391,17,114,East,Gold,True
254,54,50284.23777632394,725.0,1876.1091148861183,20,20,West,Premium,False
255,50,95533.03252797676,791.0,13689.74616870432,18,16,South,Gold,True
256,68,17413.947788914953,441.0,9508.326851074218,19,17,East,Basic,False
257,59,52197.05893909489,612.0,20060.79100566107,24,80,West,Basic,False
258,61,72592.98969944741,464.0,4944.218180842733,22,19,East,Basic,True
259,41,38433.72154145398,613.0,1421.8383434090415,11,8,North,Basic,True
260,32,31788.8431052024,320.0,888.5513238726122,23,38,North,Premium,True
261,76,32582.70704707343,381.0,1034.5946793379462,28,38,North,Gold,True
262,71,17760.77640699831,430.0,99.97108581272794,17,53,South,Gold,True
263,49,76994.0925462139,604.0,2477.0758110719253,15,93,West,Basic,False
264,49,43407.65316387184,670.0,1062.4257749256965,18,105,,Premium,True
265,41,41039.45720399539,683.0,2652.212755409366,19,100,South,Basic,True
266,58,7518.038513396525,744.0,13666.411743682294,21,90,South,Basic,True
267,69,21325.828550762304,724.0,2815.3355175838205,32,31,South,Premium,True
268,66,79307.79511038188,460.0,10518.035842136438,20,44,South,Premium,True
269,79,56062.11332201157,477.0,4650.741107228486,16,60,,Basic,True
270,66,73330.01659850212,789.0,1419.323869155016,13,76,South,Gold,True
271,75,70799.8487965966,626.0,2199.155246025223,24,119,North,Basic,True
272,69,29987.59438854119,588.0,438.255375881352,22,17,North,Gold,True
273,29,,653.0,2028.2950865067628,25,79,South,Gold,False
274,79,88994.6519120246,327.0,5658.895568042122,23,73,,Premium,True
275,56,38724.6711575393,342.0,374.21632785228957,22,39,West,Premium,True
276,19,-21364.105987197647,722.0,1149.5910408277095,21,42,West,Basic,True
277,20,42869.35820111847,476.0,2401.8138328639793,17,48,East,Gold,True
278,66,54765.92524242897,828.0,20100.69685698947,18,12,West,Gold,True
279,54,38645.61930448619,793.0,7682.373866875759,12,96,North,Basic,True
280,66,45569.55806630566,497.0,6611.6565243793675,22,89,North,Basic,True
281,73,33426.83927324411,816.0,617.5712692398561,22,103,West,Basic,True
282,34,68432.69436707695,813.0,7593.323993624746,21,18,South,Premium,True
283,76,51272.664807371104,321.0,7691.841596176337,22,79,South,Basic,True
284,66,69030.28125885908,411.0,4595.256388689759,23,96,North,Basic,True
285,19,74444.06692415875,356.0,23210.095210251468,19,6,South,Gold,True
286,19,6513.528718267058,365.0,1967.0940789981594,19,108,East,Basic,True
287,45,34589.55578331794,397.0,14174.231483547266,17,43,East,Gold,False
288,71,37519.41412718913,443.0,12309.728309573698,23,116,West,Gold,True
289,40,,734.0,57.735356559268595,29,35,West,Premium,True
290,54,52980.107338006484,385.0,2990.244447601488,16,98,South,Basic,True
291,49,66251.21192726129,643.0,18884.016174611923,15,102,North,Basic,False
292,50,12386.164614509777,593.0,544.1736209537663,16,54,West,Gold,True
293,18,52864.30904995043,542.0,3967.98436351905,25,62,East,Premium,True
294,36,69565.85964232514,331.0,19306.057057460373,20,69,West,Premium,True
295,79,67239.30170120312,690.0,4053.9746480308013,23,82,West,Basic,True
296,19,62467.98877832703,576.0,1052.465181432325,23,16,East,Gold,True
297,70,50260.01012990251,831.0,4363.5614603220665,15,8,North,Basic,True
298,61,51231.37241250902,453.0,1143.5486561414114,14,89,West,Basic,True
299,43,16134.676505804207,682.0,3666.7662291687216,15,96,West,Basic,False
300,49,31989.342296257128,367.0,384.6331853664536,19,90,West,Basic,True
301,23,54618.87912776327,513.0,4650.461043228481,16,116,South,Gold,True
302,49,35680.48386147589,675.0,3636.5190561878035,17,86,West,Premium,True
303,72,63776.764940655696,512.0,6738.472448657655,14,31,East,Basic,True
304,21,59335.651005297244,378.0,4980.736164701304,11,107,North,Basic,True
305,72,77347.40509443988,680.0,3988.165599752852,23,10,North,Basic,False
306,28,69165.07652305142,357.0,5852.349231610524,14,56,East,Basic,True
307,73,54545.22818269136,325.0,777.0852358313872,22,76,South,Premium,False
308,76,64959.608681238315,746.0,4523.783294590986,20,117,East,Premium,True
309,34,70102.04324599312,365.0,944.3785590381516,21,92,North,Premium,True
310,55,39851.25428184035,553.0,12986.271450032109,22,70,East,Premium,False
311,41,43413.38003360396,343.0,353.90505080214297,21,20,South,Basic,True
312,22,48063.47925213179,396.0,2813.8829498506516,16,5,North,Gold,True
313,69,40489.38911671301,526.0,5950.308037301851,15,23,South,Premium,True
314,51,70313.73890126968,735.0,3062.651296599896,24,9,East,Premium,True
315,23,37453.78916645392,678.0,483.0790516261098,19,58,,Basic,True
316,39,75033.02942799649,477.0,4030.224774231319,21,59,East,Basic,True
317,28,42660.53602239235,726.0,5130.973165856048,25,93,South,Basic,True
318,65,59447.93285678716,606.0,6083.472093208514,23,80,East,Basic,True
319,33,53328.302975257764,,2336.116006803661,23,54,West,Gold,True
320,50,30480.403834166664,567.0,4146.667283111224,21,46,South,Gold,False
321,26,,307.0,2995.4295828949175,26,22,East,Premium,True
322,77,56672.870629011944,807.0,5574.562675244617,17,64,South,Gold,True
323,76,48714.14625779004,775.0,4380.02801510025,18,8,South,Premium,False
324,23,23145.868829874318,596.0,3730.1689238442236,23,20,North,Premium,True
325,33,84028.58487052342,463.0,1435.2404795419163,25,51,North,Gold,False
326,46,51753.98965723472,784.0,10.102788503831999,23,78,South,Premium,True
327,20,34113.948496729565,371.0,956.2969543623578,14,39,East,Basic,True
328,37,82415.36046934548,537.0,622.5243663754843,17,37,East,Premium,True
329,77,62347.7961944065,403.0,2980.8714192785947,14,50,East,Basic,True
330,76,25996.600071967816,509.0,4737.077489044118,27,34,West,Gold,True
331,53,29110.10507200243,767.0,1198.1752625841068,16,75,South,Gold,False
332,36,45552.10560224315,753.0,13989.089262959698,18,118,South,Premium,False
333,43,55946.13957699645,567.0,33.522773023630776,22,104,West,Basic,False
334,20,62455.99662927844,685.0,7398.653821341,12,33,South,Premium,True
335,36,69003.56959057135,686.0,4906.87727116819,18,31,South,Gold,True
336,37,60791.448128002856,558.0,2338.469901079977,15,54,West,Premium,True
337,49,76934.91957281991,582.0,259.04052604377324,18,44,North,Premium,True
338,24,52535.863193609395,339.0,4937.410964555027,19,34,South,Basic,True
339,69,34807.212390435554,785.0,2435.6554549348484,23,114,West,Gold,True
340,58,49932.98260682053,519.0,13765.274923159432,14,71,East,Premium,True
341,50,48620.38679308416,428.0,3904.3221227819618,17,113,North,Basic,True
342,57,-1564.3085932498361,819.0,14038.096869490542,19,118,East,Premium,True
343,56,,559.0,1245.408357449506,20,62,South,Basic,False
344,35,56284.07465900901,665.0,6468.1367272476955,24,23,North,Basic,True
345,57,41515.68869576428,843.0,4801.85343123515,24,46,West,Premium,True
346,18,37075.812763540016,823.0,6724.000975548767,22,56,South,Gold,True
347,28,68227.52391609128,315.0,1208.2427373147905,27,7,West,Gold,False
348,45,31669.08350449121,428.0,5468.0418892578355,25,118,North,Basic,True
349,74,64232.45300941646,408.0,3446.178133922705,21,89,East,Gold,False
350,42,567444.2137126758,832.0,6789.9919719534855,17,61,South,Basic,False
351,67,105215.23871452367,568.0,1980.3814378656589,18,3,South,Gold,False
352,40,45686.289461974855,461.0,11038.967304664218,22,38,West,Premium,True
353,48,43534.694214078874,559.0,440.33957252448533,16,84,North,Gold,True
354,47,72861.31805779837,401.0,8230.232489397988,11,34,West,Basic,True
355,59,41625.90318387102,805.0,9877.917299897657,26,113,North,Basic,True
356,52,79098.55616651333,546.0,8498.244140651479,12,44,South,Gold,True
357,24,57431.87660973053,836.0,3594.647474481515,22,108,North,Premium,True
358,77,47632.04198907541,430.0,2884.6934083435253,17,30,South,Basic,True
359,33,45499.88193259249,652.0,27946.40612403317,31,17,North,Basic,True
360,43,74151.84340860523,495.0,1301.4497695817483,13,59,East,Basic,True
361,65,54609.74429207006,681.0,3957.9469248199093,25,10,North,Basic,True
362,74,58646.1746238154,526.0,5553.558845991743,22,99,East,Basic,True
363,69,60820.037452072575,775.0,6034.345570614285,21,84,North,Premium,True
364,77,52658.72370445382,776.0,1140.935403633158,20,18,North,Gold,True
365,66,60397.444526999665,564.0,5306.497149538753,28,45,West,Premium,False
366,19,47633.53154638019,671.0,8528.906207003134,20,108,West,Premium,True
367,18,49003.82736346848,785.0,256.56424563641195,28,91,South,Basic,True
368,65,27617.70143946583,733.0,12124.966792318193,17,59,West,Premium,True
369,79,55955.205018367946,,149.74027395025482,21,62,North,Basic,True
370,29,15609.179865755592,676.0,2200.057866406487,18,59,West,Premium,True
371,22,55671.16141221826,694.0,79.69779360392226,18,49,North,Basic,True
372,54,44387.67967670371,749.0,401.416679366967,16,100,East,Basic,True
373,49,,663.0,12105.057719367533,27,63,North,Premium,True
374,76,29023.433318366482,756.0,2191.4460958775976,11,87,South,Premium,True
375,72,7612.85263922716,525.0,2764.9398935578433,20,32,East,Gold,True
376,26,,430.0,1212.5517992796767,15,10,South,Gold,True
377,58,29081.746622858034,775.0,4545.281942101427,19,11,South,Gold,True
378,52,14388.86633579035,576.0,4516.912200986484,19,102,South,Premium,True
379,36,65359.6653938914,455.0,2327.6712934937636,19,70,West,Premium,True
380,65,82024.76454284081,517.0,2025.0875800027802,20,105,South,Basic,True
381,33,34060.971284508996,489.0,10812.564175623289,19,62,East,Gold,False
382,20,48484.58345557093,716.0,2416.73520677835,22,47,North,Basic,True
383,37,43844.287666403754,845.0,3401.1645706958197,17,34,South,Basic,True
384,41,36822.03156047594,340.0,1665.5229046968184,28,100,East,Basic,False
385,71,63274.744277760416,606.0,7726.907772525317,23,101,,Basic,True
386,73,70202.82920857237,637.0,2532.9078533930747,25,17,North,Gold,True
387,50,32627.856214687916,613.0,3603.733297055551,21,104,East,Basic,False
388,41,50895.33734189807,374.0,1460.8417374889773,26,104,East,Premium,False
389,69,75690.66067867789,578.0,21974.381127477984,21,54,North,Premium,True
390,28,63780.724064299444,475.0,1722.9960423517473,17,76,East,Premium,True
391,66,66753.94876800977,572.0,7364.5479390581895,26,85,North,Gold,False
392,25,,588.0,2788.674729762446,16,40,East,Basic,True
393,53,77096.903447465,571.0,1154.728325787157,17,19,East,Gold,False
394,55,70572.85260606132,365.0,8040.163600019463,12,67,North,Basic,True
395,57,52898.74829562361,782.0,2029.3768790000524,23,82,North,Gold,True
396,37,42350.33965083816,547.0,10019.568650366986,13,53,,Gold,False
397,79,52069.555306263705,,12340.671570534198,23,115,East,Basic,False
398,52,39311.86627953263,346.0,9824.276643792407,22,64,North,Gold,True
399,65,10950.262539786352,753.0,178.17689774562064,19,83,West,Basic,True
400,79,44410.018683999195,500.0,7741.087223318716,26,47,North,Premium,True
401,42,57150.524876744406,423.0,2649.528026410422,22,6,East,Premium,True
402,52,38254.61164467642,300.0,10346.383701104973,20,16,East,Premium,True
403,42,46144.40425522784,490.0,384641.9758366959,24,72,East,Gold,False
404,46,46919.265680665354,815.0,8968.100019066876,21,112,North,Premium,False
405,35,77137.13548437777,741.0,3460.0568278786955,19,18,East,Basic,True
406,63,42811.254519501956,442.0,3828.8636174943786,17,52,West,Premium,True
407,35,567444.2137126758,490.0,779.6892334080974,26,48,South,Premium,True
408,19,-4249.809836959474,832.0,7662.091742120757,30,43,West,Gold,True
409,71,76957.11562658072,526.0,2718.3766757102485,30,39,North,Basic,True
410,52,75948.12229725248,612.0,3466.537149711785,20,49,East,Gold,True
411,33,68045.09346778384,601.0,7687.859191648938,19,113,North,Gold,True
412,78,,759.0,4567.041950069808,16,12,South,Basic,True
413,58,70377.73990444961,700.0,1122.5895230426213,24,109,North,Gold,True
414,53,48997.61648649499,692.0,4460.828708472742,20,10,East,Basic,True
415,50,-586.7487984932013,506.0,2618.1433199692865,18,71,South,Premium,True
416,21,75963.55415669392,509.0,3169.9173460049656,22,110,South,Basic,True
417,50,78883.46157097936,414.0,143.59883482427338,27,55,East,Basic,True
418,31,11909.758562696574,550.0,1178.7974274881421,17,1,East,Basic,True
419,38,53508.42150600226,518.0,1649.734435161794,14,49,East,Gold,True
420,65,77771.82242888365,706.0,6240.668637452443,20,36,North,Basic,False
421,37,74603.22626914294,742.0,57.795110672553974,14,21,West,Basic,True
422,73,66721.22102319048,653.0,2627.8122401305327,20,37,North,Basic,True
423,25,-2945.0575979501737,849.0,12886.877797227904,14,116,North,Premium,True
424,24,64590.85533271628,441.0,593.245521016329,20,24,West,Basic,True
425,20,45637.92203252114,800.0,3632.737960363695,21,55,East,Gold,True
426,34,69917.15057436988,846.0,7721.116436817037,24,25,East,Basic,False
427,50,55123.229168676495,841.0,14282.574790359316,21,7,West,Basic,True
428,65,49602.3677942227,806.0,6867.416660213044,15,106,West,Premium,False
429,29,62818.07698818472,580.0,6374.937674902319,25,81,North,Basic,True
430,76,46561.73257856484,723.0,8757.545187731575,19,93,South,Gold,True
431,68,49514.45440216116,569.0,2954.769364871102,14,94,West,Basic,True
432,39,38895.520017424766,453.0,8195.48031296163,24,71,North,Gold,True
433,72,17891.820176308753,382.0,39.98145013982877,16,97,South,Premium,True
434,39,61357.06947542543,725.0,12922.158151865475,14,71,East,Basic,True
435,63,,574.0,2928.7023845214285,20,24,East,Premium,False
436,47,45984.16267918532,583.0,4030.237892071945,20,11,North,Basic,True
437,55,55739.479169078666,472.0,1471.0650897208372,20,73,North,Gold,True
438,55,8295.64712869122,626.0,6784.276526168787,24,12,West,Premium,False
439,62,12773.02192646353,362.0,398.6577321870082,22,35,East,Basic,False
440,68,44005.22846781594,372.0,10303.523000196741,20,63,North,Gold,True
441,71,59091.26964599312,674.0,8804.701356822869,25,68,East,Premium,False
442,25,64880.76541298322,807.0,1217.1147022766784,21,100,East,Basic,False
443,44,18173.71008248186,697.0,8285.90857614106,28,92,West,Premium,True
444,44,62732.629688256304,419.0,7717.2615627295045,25,57,South,Basic,True
445,51,45098.60763367327,736.0,5001.305474740178,21,13,West,Gold,True
446,38,32336.855098070457,764.0,2338.1935545517026,22,23,North,Gold,True
447,47,37028.962878812585,585.0,1583.8297161711282,28,83,West,Premium,True
448,50,66037.14664080333,564.0,1318.4190102528185,20,106,West,Premium,False
449,45,55480.11570171143,619.0,1918.09463647927,23,101,East,Basic,True
450,64,51006.13045510641,675.0,11694.090427655865,20,39,West,Gold,True
451,50,54869.914776157995,388.0,404.1025870514855,18,88,North,Basic,False
452,22,68561.95553232387,502.0,8826.696176092548,19,80,South,Gold,False
453,77,48058.00865193354,633.0,2145.383977427733,19,97,West,Premium,True
454,78,567444.2137126758,521.0,3686.5340691422402,21,12,West,Basic,True
455,65,72763.4148027561,340.0,7911.196691181494,23,34,South,Basic,True
456,36,43368.26751473683,367.0,10787.082314485931,13,71,North,Gold,True
457,21,62362.81190561363,813.0,2113.931946014338,21,75,North,Gold,True
458,52,39925.91038653717,426.0,3098.029170667347,21,31,West,Gold,True
459,66,41682.65317176431,554.0,2676.5826704749225,25,93,East,Premium,False
460,34,47919.004864007264,,66.69805910723689,16,62,West,Basic,True
461,61,60305.45705973531,776.0,1754.4790116706663,18,13,South,Gold,True
462,45,73883.63925102138,361.0,3073.4292320632157,21,31,South,Premium,True
463,47,51930.9052707755,731.0,2647.44018225366,23,2,South,Gold,True
464,46,20003.261773529113,567.0,6399.398102045345,19,103,West,Basic,True
465,63,62628.92587067875,334.0,2429.068702781029,23,15,West,Gold,False
466,70,99076.84348291418,793.0,3360.6132550667767,21,57,North,Basic,True
467,23,52173.37662134701,768.0,2807.1623667058116,26,75,East,Premium,True
468,52,15824.647216408412,624.0,6747.424087396281,21,34,West,Premium,True
469,77,53393.05778941703,603.0,9937.86453098682,10,103,North,Gold,True
470,58,49939.74793632321,575.0,3795.2500023968832,20,68,West,Basic,True
471,54,48257.82313275221,500.0,7789.737799454708,26,75,North,Basic,True
472,41,68908.19799954265,744.0,1760.4749684168014,20,29,North,Basic,True
473,46,77565.49572671448,623.0,3897.5532209876887,17,66,East,Gold,True
474,66,63671.71490402166,334.0,2117.35589646599,25,16,West,Basic,True
475,63,47338.83830657863,781.0,2673.8921230155947,28,39,North,Basic,True
476,70,72513.57568739259,779.0,384641.9758366959,17,77,South,Basic,True
477,48,20123.407175715187,364.0,10671.07209115688,17,37,South,Basic,True
478,52,35678.87758532011,307.0,647.6706251292533,21,81,South,Gold,True
479,77,37907.444427965405,600.0,5034.350375468628,21,21,East,Gold,True
480,50,49380.98704136131,,4363.089714596195,23,44,North,Basic,True
481,69,60134.69324973675,730.0,630.169498426791,18,19,East,Basic,True
482,78,45985.74103325432,723.0,1190.6154984419534,19,71,West,Premium,True
483,38,567444.2137126758,631.0,1862.58814388591,20,102,West,Premium,False
484,49,69497.0056939226,737.0,913.1944606024275,16,8,North,Basic,True
485,40,45290.86555590612,473.0,1396.780697293938,21,77,South,Basic,True
486,50,52042.57841742067,826.0,1557.1477846373557,13,101,North,Premium,True
487,20,61021.35490951816,325.0,2044.910174049123,19,66,North,Premium,False
488,35,50777.55215845894,705.0,6919.295699420796,24,41,North,Basic,True
489,42,,531.0,4242.134866233404,22,75,East,Gold,True
490,59,70609.4684087166,832.0,21432.372221292062,22,88,West,Gold,False
491,48,53027.38949140753,849.0,2678.4597792374116,19,70,North,Basic,False
492,71,,804.0,7009.377065362171,18,61,North,Basic,True
493,75,60893.34888636779,478.0,10257.90328397714,14,26,North,Premium,True
494,20,90337.75088373832,431.0,5681.235791075119,20,71,East,Premium,False
495,57,58188.26835738261,754.0,2653.9916211676777,25,103,East,Gold,True
496,63,,647.0,7003.8862837780725,20,83,,Basic,True
497,41,72033.13427992736,839.0,1138.6900595930372,15,70,,Premium,True
498,67,51272.355199003396,705.0,1984.153697779328,25,107,South,Gold,True
499,49,37242.93806541118,375.0,3955.8429682816086,18,29,South,Gold,True
500,64,40517.08837753086,791.0,4283.149192487651,21,107,South,Gold,True
501,39,40709.86148995024,493.0,111.95138679381813,16,103,West,Premium,False
502,40,30993.380636065634,461.0,14512.502055780204,12,66,North,Premium,True
503,19,56356.10338403768,646.0,5963.965507324436,22,19,South,Basic,True
504,44,37409.66903901832,660.0,3422.9569321845315,24,68,South,Basic,True
505,59,53897.05642403694,386.0,13524.817430185863,14,58,,Gold,False
506,19,46826.51112578728,561.0,2891.0236800550433,20,70,North,Gold,True
507,43,49167.5701341497,513.0,19670.210856103764,25,113,South,Premium,True
508,34,61121.132956577116,561.0,3590.1178119199626,28,57,South,Premium,True
509,57,39162.017512229046,,606.8045995260698,17,37,North,Basic,True
510,50,62777.820918735466,766.0,7236.6159878599165,23,61,West,Basic,False
511,26,81346.15733277904,679.0,5679.977965669706,13,92,East,Basic,True
512,60,56862.181659035174,661.0,7413.733833802127,25,30,South,Premium,True
513,71,34358.08629455062,748.0,15124.984554076631,20,71,East,Gold,True
514,65,37699.63977320408,740.0,7491.480016074622,15,73,West,Basic,True
515,56,45034.74198429769,392.0,4725.2080564056505,21,25,West,Basic,True
516,46,38102.194058608686,723.0,9735.365707974657,14,97,South,Premium,True
517,59,30176.393807799006,441.0,5592.745146909791,15,65,North,Basic,True
518,72,567444.2137126758,590.0,2622.2488691330386,20,115,West,Gold,True
519,43,45576.05336548402,731.0,10841.134896565418,16,6,East,Premium,True
520,52,53794.417671161165,348.0,1254.504102755711,17,18,East,Basic,True
521,67,73727.74824430575,601.0,6270.041028309947,23,10,East,Basic,True
522,42,45272.943321512816,489.0,10666.889732811147,16,92,,Premium,True
523,41,26291.599906393778,435.0,6571.106226761284,18,11,West,Premium,True
524,30,42022.150154928975,703.0,5974.659303075237,24,97,South,Basic,True
525,77,65408.504342332846,640.0,6984.518085333706,18,65,South,Gold,False
526,75,63535.4054143391,617.0,3127.9590263514697,26,77,East,Premium,True
527,24,60372.79295227134,662.0,10364.144553260017,25,101,South,Gold,True
528,74,37505.865536757934,681.0,1137.241989021246,11,84,East,Basic,False
529,53,65038.052360653965,532.0,681.3122557197921,22,65,East,Gold,False
530,62,69537.98156074132,643.0,1680.9228508354565,15,52,North,Basic,False
531,37,36091.56740220048,848.0,3791.9219608909634,19,67,West,Basic,True
532,18,,828.0,3572.485334396484,24,82,,Basic,True
533,25,90408.03927364224,482.0,8590.652022508724,19,105,East,Basic,True
534,63,35202.51447073225,340.0,2592.345944318376,14,78,West,Gold,True
535,33,15898.266615125503,696.0,3311.58114593043,25,31,South,Basic,True
536,31,77658.08868929598,793.0,67.2891752620918,24,91,East,Basic,False
537,29,72732.0954340912,632.0,2635.9543379633683,19,17,North,Gold,True
538,68,40860.6535284515,426.0,5217.414626594171,23,55,South,Premium,True
539,40,47740.16436263827,300.0,78.14921361502972,29,110,North,Gold,False
540,32,25501.298996220954,467.0,1648.6488474305615,13,93,North,Gold,True
541,45,51779.04545219404,318.0,1165.693933892148,18,36,West,Gold,True
542,51,73318.27430742802,631.0,214.46145610230928,18,101,West,Basic,True
543,19,39147.90316483444,755.0,3262.522873823987,26,26,East,Basic,True
544,49,67542.03957572585,408.0,1002.7736362168035,26,53,West,Basic,True
545,40,59274.47714780864,567.0,6794.982596297487,20,17,North,Premium,False
546,39,61556.33781762279,,9417.00210862913,20,86,North,Basic,False
547,68,40313.81638827264,539.0,3943.7240177211406,22,25,South,Premium,False
548,42,42907.51634133011,600.0,20006.277651563974,16,2,North,Basic,True
549,75,13064.551310571966,402.0,2993.5375474248103,15,119,East,Gold,False
550,79,38666.611749797885,549.0,3601.237601808146,19,86,East,Basic,True
551,78,73269.70916062518,752.0,22649.271912451764,15,5,West,Premium,True
552,39,31413.35611795453,819.0,1316.8887230980492,15,4,West,Premium,True
553,75,34393.9669228619,452.0,14283.848007064515,17,36,West,Basic,True
554,75,62803.79647414248,473.0,218.91079033433826,20,6,East,Gold,True
555,39,58055.36583986187,642.0,2956.4459703805373,23,116,North,Basic,True
556,66,63797.26499592601,730.0,362.8723466456694,25,21,West,Basic,True
557,69,26735.589198191923,623.0,6532.515217462791,24,77,South,Basic,True
558,59,101281.15898600692,719.0,4687.685937415078,20,118,West,Gold,True
559,23,25684.932516654993,784.0,6131.676004137386,23,101,East,Premium,True
560,32,53084.94627468136,711.0,2345.863072914576,17,119,West,Gold,True
561,71,46826.89008262827,383.0,2306.067352938955,20,89,North,Premium,True
562,60,26267.16965269905,412.0,231.89158959617544,19,26,West,Premium,True
563,77,42595.811543735006,631.0,384641.9758366959,22,55,East,Premium,True
564,54,50466.152017717395,677.0,13245.728389889628,18,39,East,Gold,True
565,50,37000.5357627306,340.0,2383.9452888682677,16,84,South,Basic,True
566,25,68744.47243069699,404.0,8900.173554805097,25,33,East,Basic,False
567,70,46767.485090750575,501.0,9236.11263821069,30,14,South,Basic,True
568,77,23174.506579634268,749.0,2335.9671587942694,24,56,North,Basic,True
569,61,21477.48934661406,565.0,4998.207907466572,17,100,,Basic,True
570,61,62123.301812229125,509.0,501.15514926077657,20,81,West,Gold,True
571,22,20264.584345993277,417.0,547.2810173761821,22,21,North,Gold,True
572,56,56328.521460981676,676.0,249.40653046560803,15,46,West,Gold,True
573,21,58893.10371333918,839.0,4349.601910418918,20,16,West,Gold,True
574,23,30092.89272151966,383.0,2776.247723546361,13,110,West,Gold,False
575,62,67814.76167549781,753.0,3970.723436263136,22,16,North,Gold,True
576,49,15644.127524767355,,3681.0374590112187,16,84,North,Gold,True
577,69,55929.17867997117,686.0,2155.4762942605735,19,29,East,Basic,False
578,47,49182.84132807983,649.0,5657.848557439807,28,92,West,Premium,True
579,64,47620.040485382124,595.0,7104.467971967538,18,8,South,Gold,False
580,52,,557.0,73.68153426842183,16,88,East,Premium,True
581,72,31259.559912001485,380.0,1161.1882614751376,22,3,North,Gold,True
582,57,82376.04050041195,,6245.476205648942,23,89,South,Gold,False
583,69,74303.10017743507,718.0,2443.854572159962,22,19,North,Basic,False
584,33,64841.69177047597,534.0,5430.711025916279,21,97,South,Premium,False
585,30,68796.96207059376,610.0,2130.604843491204,14,66,East,Basic,True
586,67,,656.0,2477.675216761813,16,79,South,Basic,False
587,77,43532.875754275825,512.0,863.909266171403,18,86,East,Premium,False
588,59,50952.07103628702,348.0,1493.5871577617645,26,74,North,Basic,True
589,47,20549.832439179823,426.0,4649.562409263525,22,82,South,Gold,True
590,36,,522.0,2838.418454588783,18,22,West,Gold,True
591,34,73668.28499078374,,7442.802412225261,12,46,West,Gold,False
592,73,36785.85503485729,707.0,9572.516174089467,21,113,North,Gold,True
593,36,70462.82409374452,804.0,3900.5719004462658,28,91,South,Gold,True
594,45,51831.71477387526,593.0,7099.613379386946,24,13,West,Basic,True
595,75,22292.562686605354,576.0,1832.9375084302496,23,33,,Basic,True
596,72,27853.60973307377,737.0,2680.4711425823434,20,5,South,Gold,True
597,43,68386.0573941551,406.0,6237.493578893912,19,90,South,Gold,True
598,54,61050.481705167695,719.0,2440.528378135275,20,77,West,Basic,False
599,43,52035.28145975251,728.0,4439.7912601644675,19,27,East,Premium,True
600,70,44519.36371504109,674.0,1025.1233401337015,17,78,East,Basic,True
601,79,,372.0,4578.595913328855,24,24,East,Basic,True
602,40,67605.92498506498,329.0,9884.919636998795,19,67,South,Basic,True
603,26,79517.0656097457,487.0,10149.054456886417,26,111,North,Basic,True
604,29,80473.68398881209,663.0,6443.0152074847,15,115,South,Basic,True
605,70,57439.19801516996,750.0,6847.252672550147,25,63,South,Premium,True
606,18,46561.36619270959,494.0,4081.406295665107,19,113,West,Gold,False
607,75,52924.960156377114,455.0,4393.386478371354,25,94,North,Gold,True
608,75,,471.0,717.334830645037,21,99,East,Premium,True
609,18,60361.33887690183,340.0,2933.6687928046895,20,48,West,Gold,True
610,64,76159.7327428021,362.0,2996.2471150120327,34,63,South,Gold,True
611,51,92315.1144383331,322.0,15910.048502604044,18,78,North,Gold,False
612,49,,659.0,2820.137574490967,18,12,East,Premium,True
613,79,93117.69817648924,374.0,3985.239865136343,19,28,East,Premium,True
614,71,73444.78493516787,417.0,3809.8224724233783,18,44,,Gold,True
615,65,47983.54019629584,679.0,5063.481165980191,20,93,East,Gold,True
616,42,79971.2967773016,589.0,6896.252762087091,31,43,East,Gold,True
617,57,83712.96602838329,739.0,1274.73142428767,24,17,North,Basic,True
618,62,40794.09111612306,306.0,3761.5612930647353,10,40,West,Basic,True
619,70,84644.30504971296,495.0,8741.135725559698,15,49,North,Basic,True
620,18,71501.65642071927,720.0,3109.854135511899,29,85,West,Premium,True
621,33,97371.18255958383,,1631.82030857097,17,57,West,Gold,False
622,78,41519.22836001002,447.0,5316.839787288943,13,87,West,Premium,True
623,56,42931.46512528008,501.0,8679.75270865187,21,84,East,Premium,True
624,22,9466.757405133198,743.0,326.10866798305756,20,64,North,Premium,True
625,39,61423.87841135924,718.0,7498.222061597601,24,75,East,Gold,True
626,46,57505.025112374366,726.0,8619.978887294912,29,57,South,Basic,True
627,72,38740.126569286665,778.0,3095.0518002916256,28,98,North,Gold,True
628,20,48362.98537023884,774.0,20463.426742933516,21,74,West,Gold,True
629,29,23775.579796497695,425.0,7725.473787223819,17,74,East,Premium,True
630,43,73968.89905663372,694.0,7428.641587781013,18,107,East,Premium,True
631,33,40206.0105094338,624.0,6888.429094115889,25,70,North,Premium,True
632,68,111880.98031241902,691.0,816.173005402554,21,100,North,Basic,False
633,54,46487.97398577935,739.0,1224.5875030851917,18,88,West,Basic,True
634,39,34807.623179033806,503.0,3118.0135331692773,23,76,West,Basic,True
635,74,41753.73762530276,785.0,1532.6553527086996,11,43,South,Gold,True
636,46,21760.780469114972,330.0,2682.777175658731,14,119,West,Premium,True
637,31,59645.437814058845,687.0,10967.04427888085,20,23,East,Gold,True
638,45,41602.006004417555,733.0,8695.651755811004,18,27,South,Basic,True
639,22,72625.05580795475,675.0,4971.800294140706,18,58,South,Premium,False
640,64,44505.05009651165,643.0,9763.882139225252,22,109,South,Basic,False
641,66,77688.84223371293,742.0,7657.1183577890215,24,37,North,Premium,True
642,47,65149.11498634082,374.0,2801.6984030203394,20,6,West,Premium,True
643,63,50571.93553436688,454.0,1122.37939265255,23,65,South,Gold,True
644,79,81604.65174701643,729.0,3609.8020161713175,13,6,North,Gold,True
645,69,69045.86922074419,662.0,6663.367655772637,14,50,North,Basic,True
646,22,108924.2565332645,747.0,2867.22636872672,25,22,South,Gold,True
647,29,,533.0,5494.640339364034,17,105,South,Gold,True
648,33,51532.32210916921,561.0,495.38717965634083,17,88,East,Gold,True
649,43,81374.1802202186,424.0,6891.724933859805,22,25,South,Premium,True
650,43,567444.2137126758,544.0,8375.581945852806,25,79,East,Gold,False
651,65,76338.87126465124,841.0,6135.147148950837,20,90,South,Basic,True
652,38,58786.055153629415,784.0,17096.33644645624,18,72,South,Premium,False
653,56,32235.784891055042,421.0,8762.2723787277,15,51,West,Premium,True
654,53,22739.20682897757,424.0,11670.055171919337,16,88,South,Gold,True
655,50,36550.21053739432,848.0,13558.114136011887,15,48,South,Premium,True
656,79,4303.608553488557,469.0,8081.00343953411,20,102,East,Basic,True
657,47,40209.211126169925,423.0,5608.261034402459,12,70,East,Basic,False
658,54,62451.12666685163,334.0,28.67497526222427,22,118,West,Premium,True
659,40,40473.987180623444,386.0,3135.165942110872,16,99,South,Gold,False
660,75,77766.25402867617,500.0,4233.3837505082365,28,106,South,Gold,True
661,27,83198.95205450576,668.0,1812.245572450995,18,65,,Premium,False
662,71,75512.88965251549,376.0,1914.3939040966256,17,60,North,Basic,True
663,22,54612.8182052873,358.0,16241.447960822872,23,46,North,Premium,True
664,53,3506.414550270616,730.0,11114.752275282624,21,36,North,Gold,True
665,51,35926.050159347884,799.0,9458.308061438096,20,58,East,Gold,True
666,69,47159.22946451226,408.0,2604.4791400448635,25,76,East,Premium,True
667,48,32122.647009903783,577.0,68.966206484665,26,38,North,Basic,True
668,27,47209.890490268575,367.0,418.11605178397565,15,11,North,Premium,False
669,75,82201.34937386759,368.0,1871.2595035473064,14,12,South,Basic,True
670,36,17084.469409693636,464.0,79.3407438670999,14,42,East,Basic,False
671,75,86233.84112238053,788.0,86.49271344067468,23,114,East,Premium,False
672,49,67694.52843508274,604.0,12420.732792197821,24,39,North,Premium,True
673,18,55364.33616555391,664.0,6123.573899381802,24,71,North,Basic,False
674,73,35727.66888518473,678.0,1847.7588351866193,22,11,West,Basic,True
675,22,32520.99309017149,642.0,711.5322055459462,19,36,East,Basic,False
676,62,17475.645708225205,653.0,3583.4683594159965,25,52,West,Basic,True
677,21,84335.30960628774,715.0,26.802513555290158,20,31,South,Gold,True
678,33,,408.0,13936.582739583419,17,33,West,Premium,True
679,41,21874.307428334356,796.0,2679.1372322316333,19,13,North,Basic,True
680,33,38947.440101875975,640.0,2573.6240388775504,29,18,East,Premium,True
681,72,58662.89538463817,682.0,2476.3496139684376,14,41,East,Basic,True
682,19,44009.81723655584,832.0,359.24364062293284,20,58,West,Premium,True
683,66,11626.504859363646,599.0,5085.008143797254,13,56,West,Premium,False
684,45,,438.0,6602.600886671397,17,24,South,Basic,True
685,49,89020.68596040038,658.0,5636.994338492897,23,73,South,Basic,True
686,44,38200.42819171112,798.0,745.0267433024051,20,31,North,Premium,True
687,37,46730.65326595586,684.0,4323.714344882249,19,55,North,Premium,True
688,41,27096.451519292386,579.0,4213.859571760529,17,105,North,Premium,False
689,29,61755.25970567496,782.0,10140.351193447696,18,10,West,Gold,True
690,67,52303.03598049167,410.0,2383.1489361188997,19,60,West,Basic,True
691,52,35159.60516886043,,2321.984431502343,23,2,East,Gold,True
692,77,23906.8920838515,734.0,4818.57678975248,22,102,North,Gold,True
693,50,78090.86748021751,808.0,5012.957082320687,16,15,West,Basic,False
694,50,17889.131867178396,572.0,3167.6527666515026,16,3,East,Basic,True
695,78,60076.3139117911,398.0,2926.4830991694084,26,43,North,Gold,False
696,68,6922.415105768538,403.0,3407.552457466606,27,31,South,Basic,True
697,60,64144.23366024765,513.0,9868.036473371356,10,70,South,Premium,False
698,54,69405.97774520122,464.0,3091.747029231352,21,67,West,Premium,True
699,29,567444.2137126758,819.0,14061.372809627424,19,56,East,Gold,False
700,20,46775.830628602635,583.0,3505.934700909082,19,63,South,Gold,False
701,18,81680.07211127391,816.0,14899.362848919682,20,75,East,Basic,False
702,50,96155.83389992136,463.0,8943.776985943316,15,15,East,Basic,True
703,57,43567.53727908074,363.0,2250.466392609303,23,109,South,Gold,True
704,27,40979.899397401445,390.0,9962.336274432782,14,116,East,Gold,True
705,60,52983.545206898714,416.0,583.0246231402078,10,92,South,Premium,True
706,61,40446.39708211586,566.0,12954.48183962862,21,10,West,Premium,True
707,46,37522.596079797586,439.0,4993.520503475551,19,38,North,Basic,True
708,30,39265.229195169806,545.0,279.62924333281825,17,47,North,Premium,True
709,29,84315.1201601249,694.0,5167.729710613942,17,57,West,Basic,True
710,48,65437.639900708644,786.0,18296.14777423666,22,50,South,Basic,True
711,63,40381.077454838174,775.0,361.7818296387243,24,114,South,Basic,True
712,19,897.4994855542827,816.0,4044.89733585142,24,71,South,Premium,True
713,78,19110.71012787065,483.0,6887.552259466442,25,15,South,Gold,True
714,68,60068.58165203755,319.0,8310.465582143921,26,18,West,Gold,True
715,67,7568.88117222365,823.0,2670.705524801328,17,82,North,Premium,True
716,52,55859.870549039115,828.0,1141.8268010940862,16,116,East,Gold,False
717,40,28688.72550269949,446.0,216.32424791881232,21,105,East,Basic,False
718,34,51836.11549161347,603.0,4334.243866287563,20,88,,Gold,False
719,43,51277.126026682854,,3015.719562835525,17,2,West,Premium,False
720,25,,401.0,14854.651520054204,19,104,East,Gold,True
721,46,42111.56305842959,716.0,312.59564855431006,23,84,North,Basic,True
722,43,41454.28748784536,515.0,5782.192434804219,17,98,West,Basic,True
723,27,35584.191621271224,706.0,126.41582302475062,16,43,East,Premium,True
724,43,59677.8463448378,698.0,940.2949826065247,27,26,South,Premium,True
725,79,66103.85349561897,798.0,3021.8276897037103,18,71,South,Premium,True
726,51,25620.549549277475,764.0,3033.677309006522,20,38,West,Basic,True
727,68,48967.43055415461,381.0,5787.045313088634,28,94,,Gold,True
728,58,53931.64146975476,664.0,12051.57734319634,15,42,West,Gold,True
729,24,53675.422692460845,462.0,5094.832037420935,19,5,North,Premium,True
730,21,53335.392391930356,347.0,15345.290219468372,21,11,North,Gold,True
731,75,41959.30379309551,810.0,10669.09329410762,16,65,East,Gold,True
732,70,55580.608509250786,628.0,4391.3608629138025,18,34,West,Premium,True
733,67,,415.0,8972.574838210981,13,1,East,Premium,True
734,62,52820.73311645129,636.0,5144.185161151372,26,83,East,Basic,False
735,28,60118.79673067448,446.0,409.07630609738675,20,2,North,Basic,True
736,46,69807.06822075014,622.0,6746.240113717896,21,85,,Basic,True
737,73,12981.192842094642,742.0,498.5958526460072,13,20,South,Basic,True
738,53,68869.27683730735,312.0,4508.030165991311,21,61,East,Gold,True
739,42,56848.55530442549,793.0,6064.062226397974,26,87,West,Gold,True
740,38,27767.493445225467,586.0,344.21945691191627,17,21,South,Basic,True
741,78,66049.41764639378,413.0,1311.9865755907454,28,88,North,Basic,True
742,74,42033.58187952077,779.0,12365.220381489673,22,68,West,Premium,False
743,53,44760.67127362894,321.0,4789.6602606996685,23,12,South,Gold,False
744,27,39846.40435068676,648.0,1413.7115911624765,17,22,West,Gold,True
745,54,56047.97688476449,619.0,5866.890996932156,18,20,South,Basic,True
746,26,34292.93714975894,425.0,4541.3204084856225,13,82,West,Gold,True
747,41,68029.49259895572,576.0,3481.51778256773,14,1,West,Premium,True
748,52,47222.74825610657,503.0,18687.612892968747,20,30,South,Premium,True
749,66,42715.95033024125,493.0,5751.430025574399,23,97,North,Gold,False
750,52,65057.5135522794,846.0,2353.5482694557536,21,24,North,Basic,True
751,65,43608.864753618385,585.0,8049.025701191586,29,14,West,Gold,False
752,53,68963.53650724603,356.0,10796.030800037131,19,36,West,Premium,True
753,35,69591.85901681731,602.0,668.9174620912069,18,69,North,Basic,True
754,66,23303.92323562046,462.0,1119.1750631253724,22,75,North,Gold,True
755,56,72185.20404445849,318.0,1218.1792650951948,23,24,East,Basic,False
756,49,20759.280569962288,669.0,5875.498521974263,21,60,North,Basic,False
757,41,73431.61053765021,563.0,4619.593190768764,20,95,West,Premium,True
758,40,90567.14384460478,412.0,4824.668821009007,22,55,South,Basic,True
759,79,,787.0,14131.914100060681,15,77,North,Gold,True
760,49,6860.387106006536,626.0,7478.571811359797,30,80,East,Basic,False
761,54,71271.31438772037,841.0,684.4676170683848,14,24,East,Basic,False
762,29,94922.57931872024,364.0,2134.77497067831,13,77,East,Gold,True
763,66,43939.367180039415,591.0,2858.1325477610244,32,24,South,Premium,True
764,72,49305.9335994022,324.0,2520.587441403257,17,54,North,Premium,True
765,30,26230.26556147136,848.0,5532.848462403806,23,26,North,Gold,True
766,40,56241.58837639338,300.0,11123.173783551576,17,66,North,Gold,True
767,42,75383.54365086259,848.0,1826.7873807845833,17,80,South,Premium,True
768,52,,440.0,4013.439175533488,22,38,South,Basic,False
769,58,112839.33954575597,487.0,7789.197093570682,20,110,West,Gold,True
770,47,50660.540859315945,427.0,2691.1387715727296,18,65,East,Basic,False
771,34,17386.532651694713,500.0,920.3241474518692,17,113,East,Gold,True
772,66,53419.41943136438,426.0,3221.318106271762,12,75,North,Premium,True
773,79,1670.9646957502046,556.0,284.02925450974465,25,51,South,Basic,True
774,37,39337.92150270972,846.0,14269.727478128705,17,35,South,Basic,True
775,65,82487.64117200424,493.0,388.8413423351587,19,43,North,Gold,True
776,42,56502.672972635424,403.0,2885.3321003214332,30,29,North,Basic,True
777,39,53588.33625662538,834.0,3773.8499010163473,24,37,West,Gold,True
778,30,86415.60753430713,564.0,21100.842595004444,16,81,East,Premium,True
779,76,44588.0021667326,683.0,907.740222016233,10,58,East,Basic,True
780,36,75236.40825868218,559.0,607.6274417170473,16,54,East,Gold,True
781,66,52586.139503326805,713.0,43.72133486926932,21,39,West,Basic,True
782,53,57600.94926918052,657.0,845.4756851984753,25,42,North,Gold,True
783,29,,374.0,1161.3817625438242,15,28,North,Gold,True
784,78,40359.06410343567,,4979.118098244096,19,29,East,Gold,True
785,58,22049.63534312253,,1240.4276009012758,26,43,East,Premium,False
786,36,48095.0984354931,589.0,103.67146092537321,30,3,West,Basic,True
787,29,57808.04687832534,344.0,8761.300094891936,21,116,South,Premium,True
788,26,27799.23789817096,382.0,2275.344161044984,21,10,South,Gold,True
789,24,90983.57845369646,422.0,2182.431799876412,15,59,East,Gold,True
790,45,55562.12038183922,657.0,1801.1135001475745,20,106,,Premium,False
791,31,51155.911711704386,827.0,18519.615653871002,25,14,East,Premium,True
792,48,65393.1550269125,365.0,932.3432242997433,21,76,South,Basic,True
793,69,33421.43838268156,674.0,11425.595769772583,20,47,East,Gold,True
794,36,53269.549583349064,461.0,7498.509887642846,19,42,South,Premium,True
795,75,35662.67559284817,679.0,397.81387325369303,21,94,South,Gold,True
796,64,81173.59820177965,657.0,21610.908619379097,16,32,South,Gold,True
797,33,28827.21301205837,487.0,1582.9184030978683,14,32,North,Basic,True
798,70,51263.30918614347,621.0,518.9361419643989,16,42,North,Basic,False
799,22,,749.0,8839.655197263763,10,32,East,Basic,True
800,52,57896.51488815403,773.0,6132.379445407937,13,26,South,Premium,True
801,29,38375.296538343355,312.0,4801.458738864333,19,115,North,Gold,True
802,42,32089.811957098045,483.0,847.9005565036002,14,1,East,Premium,True
803,69,38664.09653907802,410.0,3255.1927865648763,18,56,East,Premium,True
804,76,60566.50868420565,807.0,7583.291634129544,22,106,East,Basic,True
805,38,47123.084581760726,589.0,1809.3272290424404,17,2,East,Gold,True
806,53,65924.17616905044,594.0,1867.5785599782707,19,81,East,Gold,False
807,70,59540.07438790146,750.0,15.729245232832431,16,30,West,Basic,False
808,40,4461.746038007848,514.0,957.2761200093677,21,103,South,Gold,True
809,33,54949.95593674422,326.0,10413.459095439766,19,71,East,Basic,True
810,74,95009.0953563254,530.0,2914.710518548322,30,52,West,Premium,True
811,56,76505.38102076662,620.0,20749.65611051137,22,91,South,Premium,True
812,62,58440.26321413937,532.0,2518.48846940413,26,9,North,Basic,True
813,70,28812.15739060112,736.0,6279.602700563216,18,22,East,Premium,True
814,59,59551.07432251292,832.0,1655.8648133777026,24,34,West,Premium,True
815,75,64794.99879756518,702.0,2261.287270215272,17,110,North,Basic,True
816,56,44925.06638344832,352.0,1058.0885709601077,26,49,West,Premium,True
817,31,56334.841176088754,612.0,2131.368324929868,10,1,South,Gold,False
818,48,,580.0,3961.9380932314834,27,73,South,Premium,True
819,75,32854.511605165484,330.0,24001.59691904926,12,84,North,Basic,True
820,22,28834.00790081746,636.0,5456.223179081143,22,53,West,Gold,True
821,52,63853.98651988425,482.0,1111.00719126256,18,83,East,Gold,True
822,40,,322.0,230.01782009831032,23,100,East,Premium,True
823,46,70576.76590825623,843.0,675.4142994356404,16,40,North,Gold,True
824,60,61395.87623807539,745.0,4134.023777417567,16,45,North,Basic,True
825,28,38644.89873651612,373.0,7244.26123980362,13,68,North,Gold,True
826,35,58643.8530293081,309.0,14102.110134988881,19,9,West,Premium,True
827,64,27157.469134076528,783.0,79.74847409658034,14,105,East,Premium,False
828,29,44993.625765340126,755.0,3698.68033300372,22,22,East,Gold,True
829,26,60055.98461932808,459.0,3182.580670876638,24,18,East,Basic,True
830,27,42789.715665522206,313.0,5336.367910027558,17,76,North,Basic,True
831,75,99361.04364459653,477.0,4100.119304511959,11,106,East,Premium,True
832,61,12156.315023526666,711.0,5808.3858899926045,24,43,South,Premium,True
833,34,39050.19286002379,352.0,5365.930234771754,14,39,,Basic,True
834,78,31244.403322601793,707.0,622.2167845057819,17,73,East,Gold,True
835,55,35993.02385084093,321.0,8040.14237126251,22,6,West,Gold,True
836,24,37140.03553038243,329.0,657.5675821985562,18,83,North,Gold,True
837,63,23471.586262820136,559.0,5995.4342206190595,26,48,South,Gold,True
838,30,65054.042971452545,504.0,2690.51622165878,23,111,South,Basic,True
839,57,39058.09405225798,358.0,3606.1978586786663,27,7,West,Premium,True
840,59,53271.46671177309,770.0,11680.606714367108,22,80,West,Premium,True
841,26,41303.4847617951,765.0,11031.092196977634,22,69,North,Gold,True
842,67,36182.391754275806,311.0,8514.79687025864,19,16,North,Basic,True
843,44,83445.58472173699,589.0,3568.263754968356,15,1,South,Basic,True
844,75,68458.64364418815,,6663.574801872452,15,115,West,Gold,True
845,19,12635.992000897102,374.0,3596.398966332792,22,37,North,Gold,True
846,22,10517.251033282264,740.0,10185.976376613551,29,103,South,Gold,True
847,46,70852.17671272974,540.0,2577.313736728362,19,83,West,Premium,True
848,54,39602.93216902492,453.0,17572.168217900962,16,118,South,Gold,True
849,55,17018.353321315546,395.0,13465.02659243706,23,37,East,Premium,True
850,36,70914.70265080682,593.0,6766.283221611921,26,81,West,Basic,True
851,25,53382.4810019818,508.0,1638.4656194879726,15,64,North,Basic,True
852,65,55031.421696646394,642.0,705.822763427561,19,90,North,Premium,True
853,62,66190.78544011815,,9644.892266535993,21,86,East,Premium,True
854,18,23800.456834352128,689.0,903.4281950149865,23,62,West,Premium,True
855,39,17369.98357231671,,9629.682402434442,20,72,South,Premium,True
856,69,81619.08589806405,456.0,3374.228462856479,23,61,North,Gold,True
857,34,21256.664785154153,436.0,2609.0687284085434,27,33,East,Basic,True
858,24,25555.24405848872,727.0,11675.065146308214,20,66,East,Gold,True
859,42,29551.29240908468,751.0,4629.824158984008,14,30,West,Premium,False
860,62,91598.91847381045,440.0,4297.355016633814,23,111,West,Gold,True
861,21,,382.0,4090.8990325681684,12,20,North,Gold,True
862,53,69308.1594887076,476.0,2319.467797147671,16,60,East,Basic,True
863,23,53923.35091157457,497.0,7700.5645628857155,19,82,South,Gold,True
864,77,37962.255775975325,720.0,1457.1015482483422,29,107,East,Basic,True
865,48,567444.2137126758,700.0,13975.804645784743,27,74,South,Premium,False
866,36,18867.68058406393,770.0,11220.88309790543,19,24,South,Gold,True
867,78,28094.330958070102,517.0,2058.5251223410824,17,4,North,Premium,True
868,61,64659.50358522962,474.0,6536.746259443646,20,37,East,Basic,True
869,71,22854.895383464398,322.0,4257.470530198486,28,4,South,Premium,True
870,56,46218.370616762535,534.0,2059.800540138795,14,77,West,Premium,True
871,44,47129.75311289177,312.0,22336.462260029322,18,89,South,Basic,True
872,27,39426.75993325676,400.0,127.80634628913042,23,77,West,Premium,True
873,43,10977.630503022861,835.0,1456.0817574648736,32,18,West,Premium,True
874,36,37421.42217622615,822.0,3670.6174048315233,13,88,East,Premium,True
875,56,,751.0,3690.2311612059148,16,66,West,Gold,True
876,79,53228.79726575397,730.0,4444.996215298523,25,48,South,Premium,True
877,20,52209.810773989375,832.0,6965.108133028073,9,33,West,Basic,True
878,62,57559.229198737485,592.0,4883.891751964256,28,58,East,Gold,True
879,30,36480.27454051205,400.0,4584.973154365154,13,83,North,Gold,True
880,67,60455.55900931783,801.0,274.9979443238297,17,73,South,Basic,True
881,45,18879.865344526337,603.0,2362.2754604487045,22,28,South,Premium,True
882,79,13561.905346952917,839.0,1320.1906310211818,22,35,East,Gold,True
883,75,3288.5455166674437,654.0,1541.9422989737845,14,103,East,Gold,True
884,37,40014.05520856005,602.0,4040.966411525177,14,10,East,Gold,False
885,45,34934.03551322885,795.0,1112.6269303986235,8,65,East,Premium,True
886,25,65786.312237092,526.0,1740.33974605345,22,42,South,Gold,True
887,78,37026.7482590226,535.0,1353.0413709908396,18,85,North,Basic,True
888,58,55467.52695888534,754.0,14831.153114067107,25,9,,Premium,True
889,56,66265.93153166154,312.0,14471.814454810643,15,60,West,Basic,True
890,18,36273.61848701768,509.0,4707.293506655421,17,111,North,Basic,False
891,20,55961.04420214351,696.0,12919.601330582846,20,15,North,Gold,True
892,30,,399.0,7704.520792556157,23,99,North,Gold,False
893,45,25236.744503888654,330.0,4457.355061223429,18,57,East,Gold,True
894,79,50497.04676489288,827.0,32.28003366401121,27,69,South,Basic,True
895,74,36359.31233601371,628.0,7403.3831515791535,25,105,South,Premium,True
896,77,26510.20235013723,465.0,6061.5093341318,14,22,South,Gold,True
897,66,19270.96519019542,,4775.855007595904,16,64,East,Gold,True
898,42,26187.02855642599,399.0,7144.429428394979,25,41,South,Basic,False
899,73,51200.58011504025,472.0,3596.6567137292195,26,87,East,Premium,True
900,50,17783.110888765066,461.0,6088.385931340466,21,71,South,Basic,False
901,55,38985.45951822726,562.0,13680.095039904552,22,56,North,Gold,True
902,70,66263.88813705795,573.0,2356.462424085502,21,23,West,Basic,False
903,23,58980.219268378714,302.0,6157.094032971091,16,108,West,Gold,True
904,75,39389.84754123686,327.0,3228.340024526159,26,25,East,Premium,True
905,61,83793.80826717448,625.0,5610.422877434726,22,91,South,Basic,True
906,62,87860.72827823322,448.0,7196.225890710044,17,105,West,Gold,True
907,49,50522.44863079451,839.0,232.58936618296542,12,6,North,Gold,True
908,62,629.1416823138352,787.0,5200.779876593921,13,119,North,Gold,True
909,78,67728.9639403252,737.0,1285.7073338982152,27,34,,Gold,True
910,64,4120.473199328291,364.0,5543.80614399861,13,63,East,Basic,False
911,38,79522.92221440132,655.0,3158.663162875596,17,9,East,Gold,True
912,33,71671.69801484598,832.0,7426.216085449067,24,60,South,Basic,True
913,71,85484.25008276041,551.0,658.527104804478,19,49,North,Gold,True
914,38,55205.311167354535,534.0,4921.808780217312,17,97,South,Basic,False
915,28,42772.28465636324,526.0,1631.9116592207959,14,51,South,Basic,True
916,77,40997.97732619552,824.0,9586.001094796397,25,60,North,Gold,False
917,54,39074.79657938206,612.0,13182.14931669111,12,70,South,Gold,False
918,53,69621.37307349406,348.0,28131.7378388601,20,37,West,Gold,False
919,52,64245.42979011756,417.0,7948.357861022699,18,31,East,Gold,False
920,36,52404.51266868426,353.0,7006.716562024584,21,98,South,Premium,True
921,37,35556.373841460554,343.0,1213.548370679526,18,41,North,Gold,True
922,74,102584.25262600546,352.0,2047.4188028570634,18,62,East,Gold,True
923,35,68247.49227925739,824.0,3133.825627899441,21,93,,Gold,True
924,64,18045.76160453182,,7422.426482805276,21,58,South,Basic,True
925,58,39674.87968125746,,12323.512578942049,24,14,West,Gold,True
926,66,,437.0,1048.2937812592402,24,36,,Basic,True
927,31,34009.221575346324,686.0,12778.844637853801,19,36,West,Basic,True
928,32,57030.959176517776,410.0,5947.46821491338,17,117,East,Basic,True
929,48,69015.92600672296,316.0,4717.933638541122,17,79,South,Basic,False
930,18,-17768.561653127865,481.0,1114.7258004873654,18,8,North,Premium,True
931,70,47839.24600421499,,285.63048080047287,15,26,South,Gold,True
932,71,48624.18307130244,840.0,4202.032120805134,17,36,West,Basic,True
933,71,41758.55088632421,,5270.810260863267,12,48,West,Gold,True
934,20,56033.90269892082,708.0,1183.5599973862445,16,85,South,Basic,False
935,33,63150.39214991749,677.0,4064.7936768905847,17,28,West,Premium,True
936,40,52841.01888649218,487.0,9706.87135529624,29,68,East,Basic,True
937,74,42523.45211901136,529.0,9011.047771975156,21,62,South,Gold,True
938,28,62652.42599568539,418.0,13110.866001678278,25,80,West,Gold,True
939,29,50981.06818548714,455.0,2277.631148269741,19,86,South,Premium,True
940,27,45385.99173609044,764.0,1913.9915540265613,17,76,South,Gold,True
941,49,23754.412293221616,403.0,6920.0050838435745,20,80,North,Gold,True
942,33,18746.904294678432,801.0,2820.3620643598447,14,51,South,Basic,False
943,25,23375.404145718592,474.0,458.1026269450622,21,104,North,Gold,True
944,55,55566.5812244043,720.0,1662.010568794774,17,102,West,Basic,True
945,29,,433.0,2711.429113397158,20,42,North,Premium,True
946,41,20394.318035850734,690.0,1730.2043297754794,20,101,North,Gold,True
947,45,62918.35651587622,800.0,2018.874468732777,13,29,North,Basic,True
948,70,77486.1902635819,332.0,1739.1133925156694,21,82,East,Gold,True
949,25,38030.12766567328,,211.92423810786096,14,10,North,Basic,False
950,75,15180.36285263252,818.0,5068.066812836397,22,106,South,Premium,True
951,45,35817.472301961745,311.0,4547.722946172447,26,39,North,Basic,False
952,53,67089.21253589388,827.0,5297.681465679792,17,82,South,Gold,True
953,43,60970.59717069548,672.0,1067.884143621838,22,1,North,Basic,False
954,25,31551.346279770423,783.0,1752.4316762252577,20,39,East,Gold,True
955,75,80423.44275529483,527.0,4832.869090639075,14,21,West,Premium,True
956,77,76965.60131852797,606.0,4576.800431045029,13,65,North,Basic,True
957,67,35339.87873446718,756.0,3529.443139263991,15,15,North,Gold,False
958,45,35134.199940700666,459.0,2157.094437629399,15,4,East,Gold,False
959,45,38143.44125241021,630.0,12205.272130288138,20,60,North,Gold,True
960,54,39853.34449222908,524.0,2075.836934057796,16,61,South,Basic,True
961,58,69010.76015856888,803.0,3040.530984946792,20,20,North,Basic,True
962,53,58506.58120953188,755.0,5667.786541090381,26,10,North,Basic,True
963,44,67541.57538701175,344.0,3915.5939193157733,19,87,West,Premium,True
964,71,63471.302863733996,513.0,2130.017749434724,21,105,West,Gold,False
965,34,84290.54136387464,358.0,2860.3571078617933,17,34,North,Gold,True
966,26,28812.28912381719,494.0,7911.079528117741,17,110,East,Premium,True
967,50,57607.17060767832,788.0,1629.5452090339923,15,48,West,Premium,True
968,70,6523.574875306047,456.0,767.2435300407969,21,33,North,Basic,True
969,37,23660.88851806283,525.0,1878.2928611478212,23,98,,Basic,True
970,30,48502.93228130306,711.0,9470.097830373288,20,103,North,Basic,True
971,45,58364.13225509072,504.0,466.00545918392106,18,61,West,Basic,True
972,65,47963.68515940861,378.0,23955.133941969296,13,10,West,Basic,True
973,46,38656.15162374644,423.0,3893.556923440389,13,54,South,Basic,True
974,30,42211.64245013925,770.0,20947.36930107366,21,84,North,Premium,True
975,63,77388.81952848208,517.0,13984.113811003434,27,65,North,Premium,True
976,52,42319.35644239719,815.0,3014.8298775390836,17,77,North,Premium,True
977,78,84984.83244087055,403.0,1106.2958556548163,28,1,North,Gold,False
978,23,65880.34147082266,692.0,900.9278575688103,17,5,West,Gold,True
979,35,59150.74692296461,733.0,1372.1142544586874,22,80,South,Basic,True
980,68,26128.061793580087,630.0,6191.659209446775,23,15,South,Premium,False
981,22,,442.0,1593.8001038810949,28,113,East,Gold,True
982,64,,839.0,2088.3863922164564,17,28,North,Gold,True
983,42,26111.204839886002,577.0,2978.0955286534904,21,95,East,Premium,False
984,19,60256.872261587545,532.0,12222.626153810268,24,23,West,Gold,False
985,27,22241.078788669205,828.0,1049.8622238382966,19,112,East,Gold,True
986,73,34755.170757408356,389.0,25.19614109813056,18,109,North,Premium,True
987,47,49797.68177062177,791.0,309.8898660512695,12,107,South,Gold,True
988,67,94368.42848229455,498.0,11757.109229449768,20,17,South,Premium,True
989,76,36261.68488415025,661.0,5213.756832981004,15,113,North,Gold,True
990,62,40835.669613988495,740.0,1594.423377687389,19,98,West,Premium,True
991,22,,325.0,975.1650362874801,22,13,North,Gold,False
992,72,25234.08623247908,324.0,1742.5896340607542,16,14,West,Gold,True
993,73,58856.12762041831,693.0,609.6909978163909,20,11,,Premium,True
994,50,74118.53615233176,806.0,14196.456260052122,15,28,West,Gold,True
995,71,43858.102305777975,600.0,7667.159190419742,21,42,North,Premium,True
996,18,70523.08562793731,638.0,3103.1203895741537,17,96,North,Premium,True
997,35,55828.99846423612,566.0,10011.01769877118,14,99,North,Gold,True
998,49,35386.36072392439,760.0,1434.7996948862108,26,61,West,Basic,True
999,64,46043.906282069875,755.0,6313.672545613329,20,64,West,Gold,True
1000,66,42404.853200395155,659.0,9694.312675136804,19,31,West,Basic,False
596,72,27853.60973307377,737.0,2680.4711425823434,20,5,South,Gold,True
979,35,59150.74692296461,733.0,1372.1142544586874,22,80,South,Basic,True
42,45,60696.18580162534,667.0,15290.168752790902,20,42,South,Gold,True
731,75,41959.30379309551,810.0,10669.09329410762,16,65,East,Gold,True
57,68,82235.85531436872,787.0,17064.226999901966,17,55,South,Gold,True
738,53,68869.27683730735,312.0,4508.030165991311,21,61,East,Gold,True
196,66,86818.86139874416,412.0,4105.944885346279,17,101,East,Gold,True
760,49,6860.387106006536,626.0,7478.571811359797,30,80,East,Basic,False
678,33,,408.0,13936.582739583419,17,33,West,Premium,True
62,35,45293.62516185496,587.0,1320.0870386379236,24,22,East,Gold,True
263,49,76994.0925462139,604.0,2477.0758110719253,15,93,West,Basic,False
112,74,89722.72812453765,329.0,5690.143968225767,17,113,South,Gold,True
765,30,26230.26556147136,848.0,5532.848462403806,23,26,North,Gold,True
711,63,40381.077454838174,775.0,361.7818296387243,24,114,South,Basic,True
178,20,69938.80136556807,487.0,2602.2856964076122,17,44,South,Basic,True
948,70,77486.1902635819,332.0,1739.1133925156694,21,82,East,Gold,True
26,47,100785.15582421786,527.0,994.1327012832567,23,108,North,Basic,True
410,52,75948.12229725248,612.0,3466.537149711785,20,49,East,Gold,True
758,40,90567.14384460478,412.0,4824.668821009007,22,55,South,Basic,True
531,37,36091.56740220048,848.0,3791.9219608909634,19,67,West,Basic,True
